Category,Tot_Profit,Quantity,Theo_Profit,Sing_Profit
Furniture,18451.2728,8028,-28358.455513133435,2.298364823119083
Office Supplies,122490.8008,22906,-28770.888822222256,5.347542163625251
Technology,145454.9481,6939,99295.20848373017,20.961946692607004
