Weekday,Total_Revenue
Monday,805678.8910000041
Tuesday,1588609.4309997542
Wednesday,1966182.7909996351
Thursday,1734147.0099997583
Friday,2112518.999999767
Saturday,1540610.8109998337
