YearMonth,Total_Revenue
2010-12,748957.0199999774
2011-01,560000.2600000234
2011-02,498062.6500000268
2011-03,683267.0800000189
2011-04,493207.1210000249
2011-05,723333.51000001
2011-06,691123.1200000228
2011-07,681300.1110000301
2011-08,682680.5100000176
2011-09,1019687.622000011
2011-10,1070704.669999975
2011-11,1461756.2499997574
2011-12,433668.0100000171
